Product Code,Product Name,variant,expected,counted
1329G80,1329G80,,0,10
1345B70,1345B70,,0,10
5%,Discount 5%,,1,10
B140007,B140007,,0,
BG0002702,BG0002702,,0,
BG001031,BG001031,,0,
BG001267,BG001267,,0,
BG00144,BG00144,,0,
BG001702,BG001702,,0,
BG001705,BG001705,,1,
BG001706,BG001706,,0,
BG00174,174 BAG,,6,
BG001996,1996 BAG,,10,
BG001997,1997 BAG,,10,
BG001999,1999 BAG,,20,
BG002714,BG002714,,0,
BG002900,BG002900,,6,
BG003095,BG003095,,0,
BG005159,BG005159,,4,
BG006018,BG006018,,0,
BG006021,BG006021,,0,
BG006118,BG006118,,0,
BG008038,BG008038,,6,
BG008039,BG008039,,0,
BG008138,BG008138,,0,
BG008144,BG008144,,0,
BG008146B,BG008146B,,15,
BG008146S,BG008146S,,5,
BG00880,BG00880,,0,
BG009035,BG009035,,1,
BG009982,BG009982,,6,
BG00BP010,BG00BP010,,0,
BG00C2702,BG00C2702,,0,
BG00C2785,C2785 BAG,,10,
BG00J172,BG00J172,,-16,
BG0B0079,BG0B0079,,0,
BG0B0577,BG0B0577,,1,
BG0B1139,BG0B1139,,13,
BG0B1701,BG0B1701,,0,
BG0B3024,BG0B3024,,0,
BG0B4105,BG0B4105,,0,
BG0B511,BG0B511,,45,
BG0B6041,BG0B6041,,8,
BG0B636,BG0B636,,0,
BG0B645,BG0B645,,0,
BG0B667,BG0B667,,9,
BG0B719,BG0B719,,0,
BG0B720,BG0B720,,0,
BG0B8038,BG0B8038,,0,
BG0B8039,BG0B8039,,1,
BG0B8086,BG0B8086,,2,
BG0B8088,BG0B8088,,0,
BG0B8123,BG0B8123,,0,
BG0B8137,BG0B8137,,0,
BG0B8138,BG0B8138,,2,
BG0B881,BG0B881,,0,
BG0B882,BG0B882,,0,
BG0B889,BG0B889,,10,
BG0B983,BG0B983,,0,
BG0BA513,BG0BA513,,14,
BG0BB59,BG0BB59,,0,
BG0BBP003,BG0BBP003,,0,
BG0BC2017,BG0BC2017,,5,
BG0BE3572,BG0BE3572,,0,
BG0BF613,BG0BF613,,0,
BG0BT619,BG0BT619,,8,
BG0F525,BG0F525,,0,
BG0F887,BG0F887,,0,
BG0G1069,BG0G1069,,1,
BG0G1707,BG0G1707,,0,
BG0G176,176 GRAY BAG,,7,
BG0G2879,BG0G2879,,1,
BG0G5088,BG0G5088,,6,
BG0G511,BG0G511,,3,
BG0G5182,BG0G5182,,0,
BG0G6028,BG0G6028,,1,
BG0G6038,BG0G6038,,1,
BG0G6041,BG0G6041,,4,
BG0G6050,BG0G6050,,0,
BG0G612,BG0G612,,0,
BG0G636,BG0G636,,0,
BG0G645,BG0G645,,0,
BG0G8078,BG0G8078,,0,
BG0G8084,BG0G8084,,0,
BG0G8123,BG0G8123,,1,
BG0G8150,BG0G8150,,2,
BG0G881,BG0G881,,3,
BG0G974,BG0G974,,1,
BG0G983,BG0G983,,1,
BG0GA513,BG0GA513,,18,
BG0GF613,BG0GF613,,0,
BG0GG038,BG0GG038,,0,
BG0GJ171,BG0GJ171,,0,
BG0P511,BG0P511,,64,
BG0P6046,BG0P6046,,0,
BG0P8123,BG0P8123,,0,
BG0P8147,BG0P8147,,0,
BG0P881,BG0P881,,0,
BG0PA5128,BG0PA5128,,12,
BG0PA513,BG0PA513,,3,
BG0PF613,BG0PF613,,0,
BG0PG615,BG0PG615,,0,
BG0R1701,BG0R1701,,1,
BG0R175,175 RED BAG,,1,
BG0R502,502 RED BAG,,4,
BG0R5182,BG0R5182,,1,
BG0R667,BG0R667,,3,
BG0R8147,BG0R8147,,0,
BG0R881,BG0R881,,0,
BG0R8833,8833 RED BAG,,-9,
BG0R990,990 RED BAG,,-28,
BG0S525,BG0S525,,0,
BG0S8084,BG0S8084,,0,
BG0S887,BG0S887,,5,
BG0W1106,BG0W1106,,0,
BG0W1701,BG0W1701,,1,
BG0W1703,BG0W1703,,0,
BG0W6046,BG0W6046,,0,
BG0W8039,BG0W8039,,0,
BG0W8123,BG0W8123,,1,
BG0W8137,BG0W8137,,0,
BG0W8150,BG0W8150,,0,
BG0W971,BG0W971,,0,
BG0W999,BG0W999,,0,
BG0WC6029,BG0WC6029,,0,
BGBB0079,BGBB0079,,0,
BGBB0577,BGBB0577,,1,
BGBB1032,BGBB1032,,0,
BGBB1056,BGBB1056,,0,
BGBB1069,BGBB1069,,3,
BGBB1701,BGBB1701,,1,
BGBB1703,BGBB1703,,0,
BGBB1707,BGBB1707,,0,
BGBB175,175 BLACK BAG,,6,
BGBB176,176 BLACK BAG,,6,
BGBB1998,1998 BLACK BAG,,10,
BGBB2006,BGBB2006,,0,
BGBB2879,BGBB2879,,4,
BGBB396,BGBB396,,4,
BGBB5017,5017 BLACK BAG,,9,
BGBB502,502 BLACK BAG,,8,
BGBB5088,BGBB5088,,6,
BGBB5182,BGBB5182,,1,
BGBB6028,BGBB6028,,4,
BGBB6041,BGBB6041,,2,
BGBB6046,BGBB6046,,0,
BGBB6050,BGBB6050,,0,
BGBB6171,BGBB6171,,0,
BGBB636,BGBB636,,1,
BGBB645,BGBB645,,4,
BGBB667,BGBB667,,9,
BGBB70911,70911 BLACK BAG,,10,
BGBB8082,BGBB8082,,0,
BGBB8086,BGBB8086,,8,
BGBB8137,BGBB8137,,0,
BGBB8138,BGBB8138,,0,
BGBB8147,BGBB8147,,0,
BGBB881,BGBB881,,1,
BGBB8833,8833 BLACK BAG,,8,
BGBB887,BGBB887,,0,
BGBB889,BGBB889,,10,
BGBB983,BGBB983,,0,
BGBB990,990 BLACK BAG,,7,
BGBBA5128,BGBBA5128,,8,
BGBBA513,BGBBA513,,10,
BGBBB59,BGBBB59,,0,
BGBBBP003,BGBBBP003,,0,
BGBBC2017,BGBBC2017,,5,
BGBBC6029,BGBBC6029,,0,
BGBBE3572,BGBBE3572,,13,
BGBBF613,BGBBF613,,0,
BGBBJ171,BGBBJ171,,1,
BGBBJ173,BGBBJ173,,1,
BGBBT619,BGBBT619,,7,
BGBE70911,70911 BLUE BAG,,10,
BGBP001,BGBP001,,0,
BGBP002,BGBP002,,0,
BGBP004,BGBP004,,0,
BGBP005,BGBP005,,0,
BGBR0079,BGBR0079,,0,
BGBR175,175 BROWN BAG,,5,
BGBR1998,1998 BROWN BAG,,10,
BGBR2037,BGBR2037,,6,
BGBR237,BGBR237,,0,
BGBR5017,5017 BROWN BAG,,-10,
BGBR502,502 BROWN BAG,,4,
BGBR70911,70911 BROWN BAG,,10,
BGBRJ171,BGBRJ171,,1,
BGBRJ173,BGBRJ173,,6,
BGDB156,BGDB156,,0,
BGDB175,175 DARK BROWN BAG,,7,
BGDB667,BGDB667,,6,
BGDB719,BGDB719,,0,
BGDBA513,BGDBA513,,0,
BGDG2006,BGDG2006,,0,
BGDRA513,BGDRA513,,-16,
BGG0A513,BGG0A513,,14,
BGGG1703,BGGG1703,,1,
BGGG176,176 GREEN BAG,,9,
BGGG1998,19998 GREEN BAG,,10,
BGGG2037,BGGG2037,,0,
BGGG2602,BGGG2602,,0,
BGGG2879,BGGG2879,,4,
BGGG5182,BGGG5182,,5,
BGGG6028,BGGG6028,,3,
BGGG6171,BGGG6171,,18,
BGGGA513,BGGGA513,,51,
BGGGAF613,BGGGAF613,,0,
BGGO887,BGGO887,,2,
BGPP4106,BGPP4106,,0,
BGPP511,BGPP511,,17,
BGPP8086,BGPP8086,,3,
BGPPA513,BGPPA513,,8,
BGPPXM05,BGPPXM05,,0,
BRBP006,BRBP006,,0,
CD000039,CD000039,,0,
CD000050,CD000050,,0,
CD000056,CD000056,,0,
CD000074,CD000074,,0,
CD000078,CD000078,,0,
CD000082,CD000082,,0,
CD000571,CD000571,,0,
CD000881,CD000881,,0,
CD00096,CD00096,,0,
CD00097,CD00097,,0,
CD000G18,CD000G18,,0,
CD0010330,CD0010330,,0,
CD001112,CD001112,,0,
CD0013140,CD0013140,,0,
CD0015111,CD0015111,,0,
CD0015116,CD0015116,,0,
CD001525,CD001525,,0,
CD0020020,CD0020020,,0,
CD00223,CD00223,,1,
CD0030033,CD0030033,,-1,
CD003007,3007 DRESS,,7,
CD003009,CD003009,,0,
CD0030139,CD0030139,,0,
CD003227,CD003227,,0,
CD00325,CD00325,,0,
CD004,CD004,,0,
CD0040003,CD0040003,,0,
CD00401,CD00401,,0,
CD004330,CD004330,,0,
CD004694,CD004694,,0,
CD005002,CD005002,,0,
CD0050023,CD0050023,,0,
CD0050401,CD0050401,,0,
CD0050501,CD0050501,,0,
CD0050578,CD0050578,,0,
CD005091,CD005091,,0,
CD005137,CD005137,,0,
CD005157,CD005157,,0,
CD005198,CD005198,,0,
CD005358,CD005358,,0,
CD005612,CD005612,,0,
CD005616,CD005616,,0,
CD005683,CD005683,,0,
CD005842,CD005842,,3,
CD005878,CD005878,,0,
CD005913,CD005913,,-1,
CD005962,CD005962,,0,
CD0060043,CD0060043,,0,
CD0060050,CD0060050,,0,
CD0060051,CD0060051,,0,
CD006069,CD006069,,0,
CD006090,CD006090,,0,
CD006275,6275 DRESS,,-68,
CD006629,CD006629,,0,
CD007135,CD007135,,0,
CD007686,CD007686,,0,
CD007994,CD007994,,0,
CD0080006,CD0080006,,5,
CD008003,CD008003,,0,
CD0080036,CD0080036,,0,
CD0080039,CD0080039,,0,
CD008025,8025 DRESS,,-102,
CD008049,CD008049,,2,
CD008197,CD008197,,0,
CD008389,CD008389,,0,
CD008423,CD008423,,0,
CD00853,CD00853,,0,
CD00869,CD00869,,0,
CD008733,CD008733,,0,
CD008876,CD008876,,0,
CD008963,CD008963,,0,
CD0090021,CD0090021,,2,
CD009003,CD009003,,0,
CD0090051,CD0090051,,0,
CD009034,CD009034,,0,
CD009036,CD009036,,0,
CD009053,CD009053,,0,
CD00906442,CD00906442,,0,
CD009107,CD009107,,0,
CD009146,9146 DRESS,,0,
CD009219,9219 DRESS,,0,
CD009321,9321 DRESS,,10,
CD009340,9340 DRESS,,10,
CD009524,CD009524,,0,
CD009534,9534 DRESS,,0,
CD009709,CD009709,,-1,
CD009719,CD009719,,0,
CD009751,9751 DRESS,,1,
CD009758,CD009758,,0,
CD009802,9802 DRESS,,3,
CD009853,9853 DRESS,,4,
CD009857,9857 DRESS,,3,
CD009876,CD009876,,0,
CD009928,9928 DRESS,,15,
CD00A696,CD00A696,,0,
CD00AJ012,CD00AJ012,,2,
CD00B132,CD00B132,,0,
CD00B140,CD00B140,,0,
CD00B423,CD00B423,,0,
CD00C1630,CD00C1630,,0,
CD00L1637,CD00L1637,,3,
CD00L1641,CD00L1641,,1,
CD00L1693,CD00L1693,,0,
CD00PD91,CD00PD91,,0,
CD00PD95,CD00PD95,,0,
CD00T5815,CD00T5815,,0,
CD00W187,CD00W187,,1,
CD050295,CD050295,,0,
CD050605,CD050605,,0,
CD0A3009,CD0A3009,,0,
CD0A486,CD0A486,,0,
CD0B10509,CD0B10509,,1,
CD0B135,CD0B135,,0,
CD0B2005,CD0B2005,,0,
CD0B2973,CD0B2973,,0,
CD0B5691,CD0B5691,,0,
CD0B7137,CD0B7137,,0,
CD0B7565,CD0B7565,,0,
CD0B9307,9307 BLUE DRESS,,5,
CD0BPD80,CD0BPD80,,-1,
CD0BPD81,CD0BPD81,,-1,
CD0BPD84,CD0BPD84,,0,
CD0C886,CD0C886,,0,
CD0C96,CD0C96,,0,
CD0CPD81,CD0CPD81,,1,
CD0CPD84,CD0CPD84,,0,
CD0CPD85,CD0CPD85,,0,
CD0CPD86,CD0CPD86,,0,
CD0CPD87,CD0CPD87,,1,
CD0D1520,CD0D1520,,0,
CD0D2031,CD0D2031,,0,
CD0F16,CD0F16,,0,
CD0G0769,CD0G0769,,0,
CD0G6284,CD0G6284,,0,
CD0G90185,CD0G90185,,0,
CD0G90853,CD0G90853,,0,
CD0P1534,CD0P1534,,0,
CD0P1536,CD0P1536,,0,
CD0P2973,CD0P2973,,0,
CD0P6063,CD0P6063,,0,
CD0P7643,CD0P7643,,0,
CD0P798,798 PINK DRESS,,5,
CD0P90846,CD0P90846,,0,
CD0P9307,9307 PINK DRESS,,2,
CD0PE359,CD0PE359,,0,
CD0PPD82,CD0PPD82,,0,
CD0PPD85,CD0PPD85,,0,
CD0PPD86,CD0PPD86,,0,
CD0PPD87,CD0PPD87,,1,
CD0PPD88,CD0PPD88,,0,
CD0PPD89,CD0PPD89,,1,
CD0PPD90,CD0PPD90,,0,
CD0R0769,CD0R0769,,0,
CD0R10509,CD0R10509,,2,
CD0R135,CD0R135,,0,
CD0R3751,CD0R3751,,0,
CD0R50616,CD0R50616,,0,
CD0R7319,CD0R7319,,0,
CD0SPD81,CD0SPD81,,0,
CD0SPD87,CD0SPD87,,1,
CD0W2005,CD0W2005,,0,
CD0W3960,CD0W3960,,-1,
CD0W4304,CD0W4304,,0,
CD0W8875,CD0W8875,,0,
CD0W9507,CD0W9507,,0,
CD11005,CD11005,,0,
CDBB0769,CDBB0769,,0,
CDBB6032,CDBB6032,,0,
CDBB6224,CDBB6224,,0,
CDBB798,798 BLACK DRESS,,5,
CDBB8464,CDBB8464,,0,
CDBB8468,CDBB8468,,0,
CDBB90846,CDBB90846,,0,
CDBB90853,CDBB90853,,0,
CDBY043,CDBY043,,0,
CDG099,CDG099,,0,
CDGG6055,CDGG6055,,0,
CDGG6063,CDGG6063,,0,
CDPB1019,CDPB1019,,0,
CDPD0338,CDPD0338,,0,
CDRM8300,CDRM8300,,-1,
CDT3056,CDT3056,,0,
CDTB055,CDTB055,,0,
CDX4120,CDX4120,,0,
CDXZ0175,CDXZ0175,,0,
CDXZ024,CDXZ024,,0,
CDY045,CDY045,,0,
CDYD8159,CDYD8159,,0,
CS000103,CS000103,,0,
DO001248,1248 DENIM,,7,
DO002154,DO002154,,0,
DO004171,DO004171,,0,
DO004812,DO004812,,0,
DO005357,DO005357,,0,
DO005461,DO005461,,0,
DO006881,DO006881,,0,
DO006988,DO006988,,0,
DO00745,DO00745,,1,
DO008094,DO008094,,0,
DO008233,DO008233,,0,
DO008825,DO008825,,1,
DO0090257,DO0090257,,0,
DO0090592,DO0090592,,0,
DO009219,DO009219,,0,
DO009832,DO009832,,0,
DO00L136,L136 DENIM,,2,
DO0B6558,DO0B6558,,0,
DO0BB370,DO0BB370,,0,
DO0BB371,DO0BB371,,-1,
DO0C9410,DO0C9410,,0,
DO0G9696,9696 GRAY DENIM,,1,
DO0GB371,DO0GB371,,0,
DO0P10295,DO0P10295,,0,
DO0P9696,9696 PINK DENIM,,2,
DO0SB370,DO0SB370,,-1,
EW0B8845,EW0B8845,,1,
EW0B8860,EW0B8860,,1,
EW0G8860,EW0G8860,,0,
EWBB8702,EWBB8702,,2,
EWBC8763,EWBC8763,,0,
EWBL8702,EWBL8702,,3,
EWLB8731,EWLB8731,,0,
EWMB8731,EWMB8731,,0,
EWWG8860,EWWG8860,,0,
GU00016,00016 UNDERWEAR,,0,
GU00202,202 UNDERWEAR,,0,
GU00222,GU00222,,0,
GU003082,GU003082,,0,
GU00318,318 UNDERWEAR,,0,
GU005077,5077 UNDERWEAR,,0,
GU005090,5090 UNDERWEAR,,0,
GU00601,601 UNDERWEAR,,0,
GU006615,6615 UNDERWEAR,,0,
GU0066386,66386 UNDERWEAR,,0,
GU0066532,66532 UNDERWEAR,,0,
GU009309,9309 UNDERWEAR,,0,
GU009902,GU009902,,0,
GU5509,5509 UNDERWEAR,,0,
GUBB6016,GUBB6016,,0,
GUL6602,L6602 UNDERWEAR,,0,
GUL6609,L6609 UNDERWEAR,,0,
GUQ688,Q688 UNDERWEAR,,0,
GUZ300,Z300 UNDERWEAR,,0,
GUZ389,Z389 UNDERWEAR,,0,
IS0B2232,IS0B2232,,8,
IS0B2240,IS0B2240,,0,
IS0B2241,IS0B2241,,0,
IS0B2246,IS0B2246,,0,
IS0B3816,IS0B3816,,8,
IS0B3816B,IS0B3816B,,11,
IS0B3939,IS0B3939,,2,
IS0B3961,IS0B3961,,0,
IS0B3968,IS0B3968,,4,
IS0B3973,IS0B3973,,1,
IS0B6809,IS0B6809,,3,
IS0G220,IS0G220,,0,
IS0G3806,IS0G3806,,2,
IS0G3821,IS0G3821,,8,
IS0G3839,3839 GOLD IBSO,,9,
IS0G3848,IS0G3848,,2,
IS0G3873,3873 GOLD IBSO,,4,
IS0G3961,IS0G3961,,7,
IS0G6801,IS0G6801,,0,
IS0G6802,IS0G6802,,6,
IS0G8109,IS0G8109,,3,
IS0G8228M,8228 GOLD MAN IBSO,,4,
IS0G8228W,8228 GOLD WOMAN IBSO,,4,
IS0O3821,IS0O3821,,11,
IS0O8138,IS0O8138,,3,
IS0P220,IS0P220,,4,
IS0P2210,2210 PINK IBSO,,4,
IS0P3806,IS0P3806,,0,
IS0P8116,IS0P8116,,0,
IS0P8201,8201 PINK IBSO,,4,
IS0R216,IS0R216,,0,
IS0R2202,2202 RED IBSO,,4,
IS0R3802M,3802  MAN RED IBSO,,5,
IS0R3802W,3802 WOMAN RED IBSO,,5,
IS0R3816B,IS0R3816B,,0,
IS0R3821,IS0R3821,,0,
IS0R3866,IS0R3866,,0,
IS0R3919,3919 RED IBSO,,4,
IS0R3963,IS0R3963,,1,
IS0R6801,IS0R6801,,0,
IS0R6819,IS0R6819,,1,
IS0R8111,IS0R8111,,4,
IS0R8126,IS0R8126,,6,
IS0R8160M,8160 RED MAN IBSO,,9,
IS0R8160W,8160 RED WOMAN IBSO,,9,
IS0R8201,8201 RED IBSO,,4,
IS0S3839,3839 SILVER IBSO,,9,
IS0S3843,IS0S3843,,0,
IS0S3846,IS0S3846,,1,
IS0S3848,IS0S3848,,2,
IS0S3873,3873 SILVER IBSO,,4,
IS0S8228M,8228 SILVER MAN IBSO,,3,
IS0S8228W,8228 SILVER WOMAN IBSO,,3,
IS0W213,IS0W213,,0,
IS0W216,IS0W216,,13,
IS0W2202,2202 WHITE IBSO,,4,
IS0W2210,2210 WHITE IBSO,,4,
IS0W3866,IS0W3866,,8,
IS0W3939,IS0W3939,,0,
IS0W3968,IS0W3968,,3,
IS0W8111,IS0W8111,,2,
IS0W8201,8201 WHITE IBSO,,4,
IS0Y3821,IS0Y3821,,0,
IS103830,IS103830,,6,
IS103860,IS103860,,-6,
IS103960,IS103960,,1,
IS1BBG8126,IS1BBG8126,,2,
IS1BG3822,IS1BG3822,,6,
IS1BG8126,IS1BG8126,,3,
IS1BS3822,IS1BS3822,,8,
IS203832,IS203832,,4,
IS203832W,3832 BROWN WHITE WOMAN IBSO,,9,
IS203860,IS203860,,2,
IS203908,IS203908,,0,
IS206811,IS206811,,5,
IS303818,IS303818,,4,
IS303830,IS303830,,7,
IS303860,IS303860,,15,
IS303908,IS303908,,0,
IS303960,IS303960,,6,
IS306811,IS306811,,1,
IS403818,IS403818,,0,
IS503832,IS503832,,20,
ISBB216,ISBB216,,0,
ISBB220,ISBB220,,2,
ISBB2202,2202 BLACK IBSO,,4,
ISBB2210,2210 BLACK IBSO,,3,
ISBB2232,ISBB2232,,7,
ISBB2240,ISBB2240,,0,
ISBB2241,ISBB2241,,1,
ISBB2246,2246 BLACK IBSO,,20,
ISBB3802M,3802 MAN BLACK IBSO,,5,
ISBB3802W,3802 WOMAN BLACK IBSO,,5,
ISBB3803,ISBB3803,,5,
ISBB3818M,3818 BLACK MAN IBSO,,9,
ISBB3818W,3818 BLACK WOMAN IBSO,,9,
ISBB3919,3919 BLACK IBSO,,4,
ISBB3923,3923 BLACK IBSO,,4,
ISBB3938,ISBB3938,,8,
ISBB3960,ISBB3960,,4,
ISBB3961,ISBB3961,,5,
ISBB6809,ISBB6809,,4,
ISBB8138,ISBB8138,,0,
ISBB8160M,8160 BLACK MAN I BSO,,9,
ISBB8160W,8160 BLACK WOMAN IBSO,,9,
ISBB8201,8201 BLACK IBSO,,4,
ISBBG8126,ISBBG8126,,0,
ISBBS8126,ISBBS8126,,2,
ISBE216,216 BLUE IBSO,,14,
ISBE3812,ISBE3812,,1,
ISBE3938,ISBE3938,,5,
ISBE8160M,8160 BLUE MAN IBSO,,9,
ISBE8160W,8160 BLUE WOMAN IBSO,,9,
ISBG3812,ISBG3812,,2,
ISBG3820,ISBG3820,,4,
ISBG3822,ISBG3822,,5,
ISBG3863,ISBG3863,,0,
ISBG3911,ISBG3911,,0,
ISBG3978,ISBG3978,,0,
ISBG6806,ISBG6806,,0,
ISBG8126,ISBG8126,,5,
ISBG8160M,8160 BLACK GOLD MAN IBSO,,9,
ISBG8160W,8160 BLACL GOLD WOMAN IBSO,,9,
ISBR2246,2246 BROWN IBSO,,20,
ISBR3818M,3818 BROWN MAN IBSO,,9,
ISBR3818W,3818 BROWN WOMAN IBSO,,9,
ISBR3938,ISBR3938,,8,
ISBR3978,ISBR3978,,9,
ISBR6816,ISBR6816,,5,
ISBR8113,ISBR8113,,2,
ISBS2246,2246 BLACK SILVER IBSO,,20,
ISBS3803,ISBS3803,,4,
ISBS3812,ISBS3812,,0,
ISBS3820,ISBS3820,,4,
ISBS3863,ISBS3863,,3,
ISBS3911,ISBS3911,,0,
ISBS3961,ISBS3961,,8,
ISBW2216,ISBW2216,,0,
ISBW2246,2246 BROWN WHITE IBSO,,20,
ISBW3923,3923 BLACK WHITE IBSO,,4,
ISBWG3822,ISBWG3822,,1,
ISGG6816,ISGG6816,,6,
ISPP3963,ISPP3963,,0,
ISPP3992,ISPP3992,,2,
ISPP8111,ISPP8111,,3,
ISRG2216,ISRG2216,,0,
ISRG3873,3873 ROSE GOLD IBSO,,4,
ISRR3923,3923 RED RED IBSO,,4,
ISRR6802,ISRR6802,,11,
ISRW3921,ISRW3921,,0,
ISRW3923,3923 RED WHITE IBSO,,4,
ISRW6802,ISRW6802,,0,
JJ002013,JJ002013,,1,
JJ0S2029,JJ0S2029,,0,
JJ202024,JJ202024,,0,
JJBR2038,JJBR2038,,0,
JK000094,0094 JACKET,,12,
JK001224,JK001224,,0,
JK00124,JK00124,,0,
JK00217,JK00217,,0,
JK002178,2178 JACKET,,4,
JK00218,JK00218,,-1,
JK002214,JK002214,,0,
JK002726,JK002726,,0,
JK00390,JK00390,,3,
JK004241,4241 JACKET,,12,
JK004685,JK004685,,0,
JK005071,5071 JACKET,,11,
JK00611,611 JACKET,,6,
JK00625,JK00625,,2,
JK00632,JK00632,,0,
JK007109,JK007109,,4,
JK007487,JK007487,,1,
JK007514,JK007514,,0,
JK007570,JK007570,,0,
JK007963,JK007963,,-1,
JK008058,JK008058,,0,
JK008110,JK008110,,0,
JK008527,JK008527,,3,
JK0090859,JK0090859,,0,
JK009305,JK009305,,0,
JK009417,JK009417,,0,
JK009718,JK009718,,0,
JK009723,9723 JACKET,,4,
JK00A120,JK00A120,,0,
JK0B1038,JK0B1038,,4,
JK0B3040,JK0B3040,,2,
JK0C1038,JK0C1038,,2,
JK0G1038,JK0G1038,,0,
JK0G1050,JK0G1050,,0,
JK0G366,JK0G366,,1,
JK0P3040,JK0P3040,,2,
JK0P3482,JK0P3482,,0,
JK0R8367,JK0R8367,,0,
JK0R9052,JK0R9052,,0,
JK0W3502,JK0W3502,,0,
JK0W80151,JK0W80151,,0,
JK0WA1635,JK0WA1635,,0,
JKBB10147,JKBB10147,,0,
JKBB3502,JKBB3502,,4,
JKBB366,JKBB366,,2,
JKBB9052,JKBB9052,,2,
JKBBA1635,JKBBA1635,,3,
JKGG10147,JKGG10147,,0,
JKPP1050,JKPP1050,,-1,
JKSB0002,JKSB0002,,0,
JL0B0814,JL0B0814,,2,
JL0B094,JL0B094,,4,
JL0B096,JL0B096,,3,
JL0B885,JL0B885,,1,
JL0B906,JL0B906,,3,
JL0C932,932 COFFEE JULIUS,,4,
JL0G0090,JL0G0090,,0,
JL0G0828,JL0G0828,,0,
JL0G094,JL0G094,,1,
JL0G097,JL0G097,,3,
JL0G809,809 GOLD JULIUS,,4,
JL0G859,JL0G859,,3,
JL0G861,JL0G861,,5,
JL0G867,JL0G867,,5,
JL0G871,JL0G871,,3,
JL0G878,JL0G878,,3,
JL0G906,JL0G906,,5,
JL0G918,JL0G918,,4,
JL0G919,JL0G919,,0,
JL0G921,921 GRAY JULIUS,,4,
JL0G926,JL0G926,,2,
JL0G935,935 GOLD JULIUS,,4,
JL0G936,JL0G936,,0,
JL0G941,941 GOLD JULIUS,,4,
JL0G945,945 GRAY JULIUS,,4,
JL0G946,946 GOLD JULIUS,,4,
JL0G950,950 GOLD JULIUS,,4,
JL0G959,959 GOLD JULIUS,,4,
JL0P0828,JL0P0828,,2,
JL0P854,JL0P854,,0,
JL0P863,863 PINK JULIUS,,4,
JL0P864,864 PINK JULIUS,,4,
JL0P866,JL0P866,,5,
JL0P870,870 PINK JULIUS,,4,
JL0P921,921 PINK JULIUS,,4,
JL0P929,929 PINK JULIUS,,4,
JL0P941,941 PINK JULIUS,,4,
JL0P945,945 PINK JULIUS,,4,
JL0P951,951 PINK JULIUS,,4,
JL0R854,JL0R854,,0,
JL0R885,JL0R885,,3,
JL0R964,JL0R964,,2,
JL0S809,809 SILVER JULIUS,,5,
JL0S859,JL0S859,,0,
JL0S861,JL0S861,,3,
JL0S867,JL0S867,,5,
JL0S871,JL0S871,,4,
JL0S878,JL0S878,,2,
JL0S918,JL0S918,,6,
JL0S919,JL0S919,,0,
JL0S936,JL0S936,,1,
JL0S946,946 SILVER JULIUS,,4,
JL0S950,950 SIVLER JULIUS,,4,
JL0S959,959 SILVER JULIUS,,4,
JL0S960,960 SILVER JULIUS,,4,
JL0W0814,JL0W0814,,3,
JL0W0828,JL0W0828,,0,
JL0W866,JL0W866,,-10,
JL0W870,870 WHITE JULIUS,,4,
JL0W884,JL0W884,,4,
JL0W920,920 WHITE JULIUS,,4,
JL0W928,928 WHITE JULIUS,,5,
JL0W932,932 WHITE JULIUS,,4,
JL0W935,935 WHITE JULIUS,,3,
JL0W941,941 WHITE JULIUS,,4,
JL0W951,951 WHITE JULIUS,,4,
JL0W954,954 WHITE JULIUS,,9,
JL0W955,955 WHITE JULIUS,,4,
JL0W958,958 WHITE JULIUS,,4,
JL0W964,JL0W964,,3,
JL0Y097,JL0Y097,,3,
JL0Y921,921 YELLOW JULIUS,,4,
JL0Y958,958 YELLOW JULIUS,,4,
JLBB094,JLBB094,,3,
JLBB096,JLBB096,,2,
JLBB097,JLBB097,,0,
JLBB863,863 BLACK JULIUS,,4,
JLBB864,864 BLACK JULIUS,,5,
JLBB866,JLBB866,,-11,
JLBB884,884 BLACK JULIUS,,4,
JLBB885,JLBB885,,1,
JLBB920,920 BLACK JULIUS,,4,
JLBB925,925 BLACK JULIUS,,4,
JLBB926,JLBB926,,0,
JLBB929,929 BLACK JULIUS,,4,
JLBB932,932 BLACK JULIUS,,4,
JLBB941,941 BLACK JULIUS,,4,
JLBB945,JLBB945,,7,
JLBB951,951 BLACK JULIUS,,4,
JLBB954,JLBB954,,0,
JLBB955,955 BLACK JULIUS,,4,
JLBB958,958 BLACK JULIUS,,4,
JLBE862,862 BLUE JULIUS,,4,
JLBE863,863 BLUE JULIUS,,3,
JLBE870,870 BLUE JULIUS,,4,
JLBE884,884 BLUE JULIUS,,4,
JLBE925,925 BLUE JULIUS,,4,
JLBE928,928 BLUE JULIUS,,4,
JLBE929,929 BLUE JULIUS,,4,
JLBE932,932 BLUE JULIUS,,4,
JLBE935,935 BLUE JULIUS,,4,
JLBE945,945 BLUE JULIUS,,4,
JLBG954,JLBG954,,0,
JLBR0660,JLBR0660,,3,
JLBR0694,JLBR0694,,1,
JLBR0828,JLBR0828,,0,
JLBR097,JLBR097,,2,
JLBR928,928 BROWN JULIUS,,4,
JLBR954,JLBR954,,0,
JLBR958,958 BROWN JULIUS,,4,
JLBR964,JLBR964,,4,
JLBW096,JLBW096,,4,
JLDG0821,JLDG0821,,3,
JLDG0829,JLDG0829,,2,
JLDG0848,JLDG0848,,4,
JLDG871,JLDG871,,5,
JLDG960,960 DARK GOLD JULIUS,,4,
JLGG866,JLGG866,,3,
JLGG919,JLGG919,,5,
JLGG926,JLGG926,,2,
JLPP0814,JLPP0814,,1,
JLPP926,JLPP926,,2,
JLRG0090,JLRG0090,,0,
JLRG0821,JLRG0821,,0,
JLRG0848,JLRG0848,,0,
JLRG809,809 ROSE GOLD JULIUS,,4,
JLRG959,959 ROSE GOLD JULIUS,,4,
JLRG960,960 ROSE Gold JULIUS,,4,
JLSB0090,JLSB0090,,2,
JLSB861,JLSB861,,5,
JLSB950,950 SILVER BLUE JULIUS,,4,
JLSR859,JLSR859,,3,
JLSW0090,JLSW0090,,0,
KM000500,KM000500,,0,
KM000509,KM000509,,0,
KM000516,KM000516,,1,
KM000531,KM000531,,0,
KM0B0509,KM0B0509,,4,
KM0B0556,KM0B0556,,0,
KM0B0558,KM0B0558,,0,
KM0B6005,KM0B6005,,0,
KM0B6009,KM0B6009,,1,
KM0B6010,KM0B6010,,0,
KM0B6015,KM0B6015,,0,
KM0G0545,KM0G0545,,0,
KM0G0556,KM0G0556,,1,
KM0G6001,KM0G6001,,1,
KM0G6015,KM0G6015,,2,
KM0O0516,KM0O0516,,1,
KM0P0485,KM0P0485,,0,
KM0P0509,KM0P0509,,1,
KM0P0512,KM0P0512,,2,
KM0P0519,KM0P0519,,0,
KM0P0528,KM0P0528,,0,
KM0P6021,KM0P6021,,0,
KM0PP0509,KM0PP0509,,0,
KM0R0513,KM0R0513,,2,
KM0R0528,KM0R0528,,0,
KM0R0531,KM0R0531,,0,
KM0R0542,KM0R0542,,0,
KM0R6021,KM0R6021,,0,
KM0W0509,KM0W0509,,0,
KM0W0513,KM0W0513,,3,
KM0W0516,KM0W0516,,1,
KM0W0526,KM0W0526,,1,
KM0W6021,KM0W6021,,2,
KMBE0512,KMBE0512,,2,
KMBE0513,KMBE0513,,5,
KMBG6015,KMBG6015,,0,
KMBG6016,KMBG6016,,0,
KMBR0512,KMBR0512,,0,
KMBR0513,KMBR0513,,2,
KMBR0531,KMBR0531,,0,
KMBR0546,KMBR0546,,1,
KMPP0509,KMPP0509,,5,
LCSS01,LCSS01,,0,
LJ001018,LJ001018,,0,
LJ001023,1023 LONG JEAN,,15,
LJ001067,LJ001067,,0,
LJ001082,LJ001082,,0,
LJ001142,LJ001142,,0,
LJ001823,LJ001823,,0,
LJ00191,191 LONG JEAN,,11,
LJ00197,LJ00197,,-1,
LJ00212,LJ00212,,0,
LJ002223,LJ002223,,0,
LJ002267,2267 LONG JEAN,,19,
LJ002269,LJ002269,,2,
LJ002521,LJ002521,,0,
LJ002669,LJ002669,,0,
LJ00269,LJ00269,,0,
LJ003863,3863 LONG JEAN,,6,
LJ005009,5009 LONG JEAN,,15,
LJ005185,LJ005185,,0,
LJ00562,562 LONG JEAN,,15,
LJ00590,LJ00590,,0,
LJ006023,LJ006023,,0,
LJ00801,LJ00801,,0,
LJ008021,LJ008021,,0,
LJ008068,LJ008068,,-1,
LJ00807,LJ00807,,0,
LJ00831,831 LONG JEAN,,3,
LJ008410,LJ008410,,0,
LJ00853,LJ00853,,-1,
LJ008888,8888 LONG JEAN,,7,
LJ009273,LJ009273,,0,
LJ00C202,LJ00C202,,0,
LJ0B2278,2278 BLUE LONG JEAN,,-35,
LJ0B2663,LJ0B2663,,0,
LJ0B6853,LJ0B6853,,0,
LJ0B6863,LJ0B6863,,0,
LJ0B810,LJ0B810,,0,
LJ0BH010,LJ0BH010,,0,
LJ0H005,LJ0H005,,0,
LJ0H009,LJ0H009,,0,
LJBB025,LJBB025,,0,
LJBB2278,2278 BLACK LONG JEAN,,15,
LP000202,LP000202,,0,
LP000203,LP000203,,0,
LP000211,LP000211,,0,
LP00112,LP00112,,2,
LP003581,LP003581,,0,
LP004227,LP004227,,0,
LP004254,LP004254,,0,
LP004410,LP004410,,3,
LP004627,4627 LONG PANT,,15,
LP004676,LP004676,,0,
LP004893,LP004893,,0,
LP008133,LP008133,,0,
LP008317,LP008317,,0,
LP009894,LP009894,,0,
LP00A279,A279 PANT,,2,
LP00A392,A392 PANT,,3,
LP0BA395,A395 BLUE PANT,,4,
LP0PA111,A111 PINK PANT,,2,
LP0PA395,A395 PINK PANT,,3,
LPBBA111,A111 BLACK PANT,,1,
LPBBA395,A395 BLACK PANT,,2,
LS000204,LS000204,,0,
NF0R9041,NF0R9041,,0,
NF109053,NF109053,,0,
NF109054,NF109054,,2,
NF209037,NF209037,,0,
NF209053,NF209053,,1,
NF209054,NF209054,,4,
NF309053,NF309053,,1,
NF309054,NF309054,,0,
NF409053,NF409053,,1,
NFBB9041,NFBB9041,,0,
NFBY9041,NFBY9041,,0,
NFSB9022,NFSB9022,,0,
PL21103BB,PL21103BB,,0,
PL21103BE,PL21103BE,,0,
PL21110BE,PL21110BE,,0,
PL21110BR,PL21110BR,,0,
PL21110GG,PL21110GG,,0,
PL21117BE,PL21117BE,,0,
PL21117BR,PL21117BR,,0,
PL21119BB,PL21119BB,,0,
PL21119BE,PL21119BE,,0,
PL21124BB,PL21124BB,,0,
PL21124BR,PL21124BR,,0,
PL21125BB,PL21125BB,,0,
PL21125BR,PL21125BR,,0,
PL21126BB,PL21126BB,,0,
PL21126BE,PL21126BE,,0,
PL21127BB,PL21127BB,,0,
PL21127BRB,PL21127BRB,,0,
PL21127BRW,PL21127BRW,,-1,
PL51109BE,PL51109BE,,0,
PL51109BR,PL51109BR,,0,
PL51111BB,PL51111BB,,0,
PL51111G,PL51111G,,0,
PL71102BB,PL71102BB,,0,
PL71102BE,PL71102BE,,0,
PL71108BB,PL71108BB,,0,
PL71108BG,PL71108BG,,0,
PL81103BB,PL81103BB,,0,
PL81103BR,PL81103BR,,-1,
PL91101BB,PL91101BB,,-1,
PL91101BR,PL91101BR,,-1,
PL91103BG,PL91103BG,,0,
PL91103BW,PL91103BW,,0,
PL91120BB,PL91120BB,,0,
PL91120BR,PL91120BR,,0,
PL91131BB,PL91131BB,,0,
PL91131BR,PL91131BR,,0,
SH000002,SH000002,,0,
SH005133,SH005133,,0,
SH008006,SH008006,,0,
SH0B999,SH0B999,,0,
SH0WJU206,SH0WJU206,,0,
SHB0013,SHB0013,,0,
SJ001094,SJ001094,,0,
SJ001253,SJ001253,,5,
SJ002097,SJ002097,,-1,
SJ004421,4421 SHORT JEAN,,15,
SJ004895,4895 SHORT JEAN,,0,
SJ00573,SJ00573,,0,
SJ00675,SJ00675,,0,
SJ008001,SJ008001,,0,
SJ00838,SJ00838,,0,
SJ00873,SJ00873,,0,
SJ00956,SJ00956,,0,
SJ0B556,SJ0B556,,0,
SJ0L9084,SJ0L9084,,0,
SK000003,003 SKIRT,,-2,
SK000179,SK000179,,0,
SK00108,SK00108,,0,
SK00109,SK00109,,0,
SK001166,SK001166,,0,
SK001655,SK001655,,0,
SK002016,SK002016,,0,
SK00263,SK00263,,0,
SK00285,SK00285,,0,
SK003017,SK003017,,3,
SK003051,SK003051,,0,
SK00318,SK00318,,0,
SK005066,SK005066,,0,
SK005068,SK005068,,1,
SK005341,SK005341,,0,
SK005397,SK005397,,0,
SK005951,SK005951,,0,
SK006013,SK006013,,0,
SK006141,SK006141,,1,
SK006808,SK006808,,0,
SK006965,SK006965,,0,
SK007205,SK007205,,0,
SK007826,SK007826,,0,
SK008803,SK008803,,0,
SK008933,SK008933,,0,
SK0090762,SK0090762,,0,
SK009086,SK009086,,0,
SK00911,SK00911,,4,
SK009330,SK009330,,1,
SK009412,9412 SKIRT,,7,
SK009419,SK009419,,0,
SK009472,SK009472,,0,
SK00A2016,SK00A2016,,0,
SK0B1519,SK0B1519,,0,
SK0B3001,3001 BLUE SKIRT,,4,
SK0B3609,SK0B3609,,1,
SK0B3963,SK0B3963,,-1,
SK0B7872,SK0B7872,,0,
SK0B8225,SK0B8225,,0,
SK0BE281,SK0BE281,,-1,
SK0C5559,SK0C5559,,3,
SK0G3543,SK0G3543,,0,
SK0G3735,SK0G3735,,0,
SK0G5559,SK0G5559,,2,
SK0G8933,SK0G8933,,0,
SK0H033,SK0H033,,0,
SK0R1304,SK0R1304,,0,
SK0R1799,SK0R1799,,0,
SK0R5938,SK0R5938,,0,
SK0R9002,SK0R9002,,0,
SK0R9447,9447 RED SKIRT,,-3,
SK0RA013,SK0RA013,,0,
SK0W6153,SK0W6153,,0,
SK0Y3601,SK0Y3601,,0,
SKBB3609,SKBB3609,,1,
SKBB3735,SKBB3735,,0,
SKBB3963,SKBB3963,,0,
SKBB5938,SKBB5938,,0,
SKBB7630,SKBB7630,,0,
SKBB9447,9447 BLACK SKIRT,,-1,
SKBBE281,SKBBE281,,0,
SKDB1519,SKDB1519,,0,
SKDB3001,3001 DARK BLUE SKIRT,,4,
SKWA504,SKWA504,,0,
SS000088,0088 SET,,0,
SS002166,SS002166,,0,
SS003057,SS003057,,0,
SS004425,4425 SET,,10,
SS004665,4665 SET,,10,
SS006603,6603 SET,,7,
SS007179,SS007179,,2,
SS0080050,SS0080050,,0,
SS0090018,SS0090018,,0,
SS009332,SS009332,,1,
SS009514,SS009514,,0,
SS009656,SS009656,,0,
SS00S85,SS00S85,,0,
SS00TC387,SS00TC387,,0,
SS00TC9999,SS00TC9999,,0,
SS0B7828,SS0B7828,,1,
SS0C861,SS0C861,,0,
SS0P2065,SS0P2065,,0,
SS0R90092,SS0R90092,,0,
SS0W7828,SS0W7828,,0,
SS0WS200,SS0WS200,,0,
SS0Y5620,SS0Y5620,,0,
SSBB8444,SSBB8444,,0,
SSBB90029,SSBB90029,,0,
SSGG40114,SSGG40114,,0,
SSPM110,SSPM110,,0,
SW0B9079,SW0B9079,,0,
SW0R9079,SW0R9079,,1,
SW0W0987,SW0W0987,,1,
SWBB9072,SWBB9072,,0,
SWBW9072,SWBW9072,,0,
SWN00817,SWN00817,,0,
SWSB9069,SWSB9069,,3,
SY000032,0032 SHIRT,,18,
SY000218,SY000218,,0,
SY0004008,SY0004008,,0,
SY000888,SY000888,,0,
SY001005,SY001005,,0,
SY0010228,SY0010228,,0,
SY0010264,SY0010264,,3,
SY001108,1108 SHIRT,,-7,
SY001138,1138 SHIRT,,8,
SY001154,1154 SHIRT,,0,
SY001156,1156 SHIRT,,1,
SY001188,1188 SHIRT,,5,
SY001228,1228 SHIRT,,9,
SY001285,1285 SHIRT,,2,
SY001286,1286 SHIRT,,6,
SY001323,1323 SHIRT,,13,
SY001451,1451 SHIRT,,15,
SY00162,SY00162,,0,
SY001706,1706 SHIRT,,3,
SY001713,SY001713,,0,
SY001756,1756 SHIRT,,10,
SY001787,SY001787,,-1,
SY001814,SY001814,,2,
SY001846,SY001846,,2,
SY001993,1993 SHIRT,,10,
SY00207,SY00207,,0,
SY002242,SY002242,,11,
SY002629,SY002629,,0,
SY00265,SY00265,,3,
SY002660,SY002660,,1,
SY002800,SY002800,,0,
SY003002,3002 SHIRT,,0,
SY003003,3003 SHIRT,,0,
SY003010,SY003010,,0,
SY003088,3088 SHIRT,,-1,
SY003102,3102 SHIRT,,-1,
SY003159,3159 SHIRT,,2,
SY003265,SY003265,,0,
SY003268,SY003268,,0,
SY003353,SY003353,,0,
SY003546,SY003546,,0,
SY003554,SY003554,,0,
SY003670,SY003670,,0,
SY00381,SY00381,,1,
SY00383,SY00383,,0,
SY00386,SY00386,,0,
SY00388,388 SHIRT,,4,
SY00389,389 SHIRT,,7,
SY004110,4110 SHIRT,,6,
SY005789,SY005789,,0,
SY006051,6051 SHIRT,,-30,
SY00672,SY00672,,5,
SY006823,SY006823,,0,
SY007222,SY007222,,0,
SY007639,SY007639,,0,
SY007959,SY007959,,2,
SY0080075,SY0080075,,3,
SY0080910,SY0080910,,1,
SY008099,SY008099,,0,
SY008135,SY008135,,0,
SY008295,SY008295,,6,
SY008464,SY008464,,0,
SY008553,SY008553,,0,
SY008795,SY008795,,0,
SY008873,SY008873,,4,
SY008883,SY008883,,0,
SY009020,SY009020,,3,
SY009042,SY009042,,0,
SY009069,SY009069,,0,
SY009235,9235 SHIRT,,-1,
SY009272,SY009272,,0,
SY009390,SY009390,,2,
SY009588,SY009588,,2,
SY009589,SY009589,,0,
SY009630,SY009630,,0,
SY00A087,SY00A087,,0,
SY00A511,A511 SHIRT,,6,
SY00A69,A69 SHIRT,,4,
SY00AJ008,SY00AJ008,,2,
SY00BM150,SY00BM150,,0,
SY00BM321,SY00BM321,,-2,
SY00C3538,SY00C3538,,0,
SY00H144,SY00H144,,0,
SY00JU208,SY00JU208,,2,
SY00M057,SY00M057,,0,
SY00W122,SY00W122,,2,
SY081606,SY081606,,0,
SY0B003,SY0B003,,0,
SY0B006,SY0B006,,0,
SY0B094,SY0B094,,0,
SY0B110,110 BLUE SHIRT,,2,
SY0B147,SY0B147,,0,
SY0B1701,1701 BLUE SHIRT,,3,
SY0B1702,1702 BLUE SHIRT,,3,
SY0B1704,SY0B1704,,0,
SY0B1705,1705 BLUE SHIRT,,5,
SY0B201,SY0B201,,0,
SY0B2095,SY0B2095,,5,
SY0B2770,SY0B2770,,0,
SY0B2773,SY0B2773,,0,
SY0B3004,3004 BLUE SHIRT,,2,
SY0B3005,3005 BLUE SHIRT,,4,
SY0B3006,3006 BLUE SHIRT,,10,
SY0B3009,3009 BLUE SHIRT,,4,
SY0B30227,SY0B30227,,0,
SY0B3077,SY0B3077,,0,
SY0B3081,SY0B3081,,0,
SY0B3119,3119 BLUE SHIRT,,20,
SY0B3310,SY0B3310,,0,
SY0B3521,3521 BLUE SHIRT,,10,
SY0B382,SY0B382,,11,
SY0B384,SY0B384,,9,
SY0B390,390 BLUE SHIRT,,4,
SY0B392,392 BLUE SHIRT,,5,
SY0B40019,SY0B40019,,0,
SY0B5717,SY0B5717,,3,
SY0B6209,SY0B6209,,0,
SY0B6476,SY0B6476,,0,
SY0B6602,SY0B6602,,6,
SY0B7729,SY0B7729,,0,
SY0B8345,SY0B8345,,0,
SY0B8543,SY0B8543,,0,
SY0B8603,8603 BLUE SHIRT,,4,
SY0B8648,SY0B8648,,0,
SY0BA190,A190 BLUE SHIRT,,3,
SY0BA509,SY0BA509,,0,
SY0BA9005,SY0BA9005,,0,
SY0BN112,SY0BN112,,0,
SY0BV006,SY0BV006,,0,
SY0C110,110 CREAM SHIRT,,4,
SY0C112,112 CREAM SHIRT,,6,
SY0C2016,SY0C2016,,0,
SY0C390,390 COFFEE SHIRT,,0,
SY0C4014,SY0C4014,,0,
SY0C5003,SY0C5003,,0,
SY0C7407,SY0C7407,,0,
SY0C8603,8603 CREAM SHIRT,,0,
SY0C8991,SY0C8991,,0,
SY0C91061,SY0C91061,,0,
SY0C9293,SY0C9293,,0,
SY0CBM339,SY0CBM339,,0,
SY0CO4012,SY0CO4012,,0,
SY0G003,SY0G003,,0,
SY0G04009,SY0G04009,,0,
SY0G10847,SY0G10847,,7,
SY0G110,110 GRAY SHIRT,,3,
SY0G1141,SY0G1141,,0,
SY0G1701,1701 GRAY SHIRT,,4,
SY0G1720,1720 GRAY SHIRT,,7,
SY0G2773,SY0G2773,,3,
SY0G3006,3006 GRAY SHIRT,,3,
SY0G3008,3008 GRAY SHIRT,,2,
SY0G391,391 GRAY SHIRT,,2,
SY0G3915,SY0G3915,,3,
SY0G6000,SY0G6000,,0,
SY0G6001,SY0G6001,,0,
SY0G8138,SY0G8138,,0,
SY0G8563,SY0G8563,,-1,
SY0G90117,SY0G90117,,0,
SY0G90752,SY0G90752,,0,
SY0G9198,SY0G9198,,0,
SY0GA17,A17 GRAY SHIRT,,4,
SY0GA63,A63 GRAY SHIRT,,4,
SY0GBM339,SY0GBM339,,0,
SY0GL007,SY0GL007,,0,
SY0GL78,L78 GRAY SHIRT,,3,
SY0L2800,SY0L2800,,0,
SY0P003,SY0P003,,0,
SY0P10847,SY0P10847,,8,
SY0P1720,1720 PINK SHIRT,,2,
SY0P2095,SY0P2095,,0,
SY0P2770,SY0P2770,,0,
SY0P3008,3008 PINK SHIRT,,6,
SY0P3009,3009 PINK SHIRT,,2,
SY0P3062,SY0P3062,,0,
SY0P382,SY0P382,,10,
SY0P3828,3828 PINK SHIRT,,5,
SY0P385,SY0P385,,0,
SY0P3915,SY0P3915,,-1,
SY0P392,392 PINK SHIRT,,2,
SY0P6476,SY0P6476,,0,
SY0P6666,SY0P6666,,0,
SY0P6690,SY0P6690,,0,
SY0P7729,SY0P7729,,0,
SY0P8247,SY0P8247,,0,
SY0P8345,SY0P8345,,0,
SY0P9968,9968 PINK SHIRT,,-85,
SY0PA9002,SY0PA9002,,0,
SY0PV006,SY0PV006,,0,
SY0R04009,SY0R04009,,0,
SY0R04010,SY0R04010,,0,
SY0R112,SY0R112,,0,
SY0R1607,1607 RED SHIRT,,-11,
SY0R1721,1721 RED SHIRT,,2,
SY0R2770,SY0R2770,,0,
SY0R80098,SY0R80098,,0,
SY0R8494,SY0R8494,,0,
SY0R8991,SY0R8991,,4,
SY0R90117,SY0R90117,,2,
SY0R90670,SY0R90670,,0,
SY0R90739,SY0R90739,,0,
SY0R91057,SY0R91057,,0,
SY0R9452,SY0R9452,,0,
SY0R9865,SY0R9865,,0,
SY0RL78,L78 RED SHIRT,,4,
SY0RO4012,SY0RO4012,,0,
SY0W013A,SY0W013A,,0,
SY0W0662,SY0W0662,,0,
SY0W112,112 WHITE SHIRT,,5,
SY0W120,SY0W120,,0,
SY0W1607,1607 WHITE SHIRT,,-9,
SY0W168,SY0W168,,4,
SY0W1701,1701 WHITE SHIRT,,3,
SY0W1703,1703 WHITE SHIRT,,6,
SY0W1721,1721 WHITE SHIRT,,6,
SY0W1825,SY0W1825,,0,
SY0W1911,1911 WHITE SHIRT,,7,
SY0W2016,SY0W2016,,0,
SY0W3004,3004 WHITE SHIRT,,5,
SY0W3008,3008 WHITE SHIRT,,3,
SY0W3119,3119 WHITE SHIRT,,10,
SY0W3303,3303 WHITE SHIRT,,5,
SY0W3521,3521 WHITE SHIRT,,10,
SY0W382,SY0W382,,5,
SY0W3828,3828 WHITE SHIRT,,5,
SY0W385,SY0W385,,3,
SY0W391,391 WHITE SHIRT,,3,
SY0W3932,3932 WHITE SHIRT,,3,
SY0W4017,SY0W4017,,0,
SY0W5229,SY0W5229,,0,
SY0W5304,SY0W5304,,0,
SY0W6660,SY0W6660,,0,
SY0W6666,SY0W6666,,0,
SY0W80098,SY0W80098,,2,
SY0W8138,SY0W8138,,0,
SY0W8472,8472 WHITE SHIRT,,10,
SY0W8497,SY0W8497,,0,
SY0W8603,8603 WHITE SHIRT,,5,
SY0W8648,SY0W8648,,0,
SY0W8916,SY0W8916,,0,
SY0W8994,SY0W8994,,0,
SY0W90140,SY0W90140,,0,
SY0W90752,SY0W90752,,0,
SY0W91061,SY0W91061,,2,
SY0WA17,A17 WHITE SHIRT,,5,
SY0WA190,A190 WHITE SHIRT,,3,
SY0WA9002,SY0WA9002,,0,
SY0WJU202,SY0WJU202,,0,
SY0WN112,SY0WN112,,0,
SY0WO4012,SY0WO4012,,0,
SY0WV006,SY0WV006,,-1,
SY0Y201,SY0Y201,,-1,
SY0Y3303,3303 YELLOW SHIRT,,5,
SY0Y3521,3521 YELLOW SHIRT,,10,
SY0Y392,392 YELLOW SHIRT,,5,
SY0Y5110,SY0Y5110,,0,
SY0YA63,A63 YELLOW SHIRT,,4,
SY0YBM339,SY0YBM339,,0,
SYAJ017,SYAJ017,,0,
SYBB0111,SYBB0111,,0,
SYBB013A,SYBB013A,,0,
SYBB10847,SYBB10847,,3,
SYBB110,110 BLACK SHIRT,,3,
SYBB112,112 BLACK SHIRT,,4,
SYBB147,SYBB147,,0,
SYBB1607,1607 BLACK SHIRT,,-6,
SYBB168,SYBB168,,2,
SYBB1701,1701 BLACK SHIRT,,3,
SYBB1702,1702 BLACK SHIRT,,3,
SYBB1703,1703 BLACK SHIRT,,4,
SYBB1721,1721 BLACK SHIRT,,7,
SYBB1911,1911 BLACK SHIRT,,4,
SYBB2036,SYBB2036,,0,
SYBB3005,3005 BLACK SHIRT,,4,
SYBB3009,3009 BLACK SHIRT,,11,
SYBB3011,SYBB3011,,0,
SYBB3062,SYBB3062,,3,
SYBB3081,SYBB3081,,0,
SYBB348,SYBB348,,0,
SYBB3932,3932 BLACK SHIRT,,3,
SYBB5488,SYBB5488,,0,
SYBB5717,SYBB5717,,0,
SYBB6001,SYBB6001,,0,
SYBB6002,SYBB6002,,-1,
SYBB6209,SYBB6209,,0,
SYBB6579,SYBB6579,,0,
SYBB6690,SYBB6690,,0,
SYBB80153,SYBB80153,,0,
SYBB8103,SYBB8103,,0,
SYBB8148,SYBB8148,,0,
SYBB8201,SYBB8201,,0,
SYBB8315,SYBB8315,,-3,
SYBB8397,SYBB8397,,0,
SYBB8472,8472 BLACK SHIRT,,10,
SYBB8497,SYBB8497,,0,
SYBB8906,SYBB8906,,0,
SYBB8916,SYBB8916,,0,
SYBB8917,SYBB8917,,0,
SYBB8934,SYBB8934,,0,
SYBB8994,SYBB8994,,0,
SYBB90140,SYBB90140,,0,
SYBB90645,SYBB90645,,0,
SYBB90727,SYBB90727,,0,
SYBB90892,SYBB90892,,0,
SYBB91057,SYBB91057,,0,
SYBB91061,SYBB91061,,0,
SYBB91152,SYBB91152,,0,
SYBB9198,SYBB9198,,0,
SYBB9507,SYBB9507,,0,
SYBBA17,A17 BLACK SHIRT,,4,
SYBBAJ030,SYBBAJ030,,0,
SYBBBM339,SYBBBM339,,0,
SYBBJU202,SYBBJU202,,0,
SYBBO4009,SYBBO4009,,0,
SYBBO4011,SYBBO4011,,0,
SYBBV006,SYBBV006,,0,
SYBM321,SYBM321,,0,
SYBR1607,1607 BROWN SHIRT,,7,
SYBR6209,SYBR6209,,0,
SYBRA190,A190 BROWN SHIRT,,5,
SYBRL78,L78 BROWN SHIRT,,5,
SYBX054,SYBX054,,0,
SYDB3009,3009 DARK BLUE SHIRT,,4,
SYDB3525,SYDB3525,,0,
SYDB6602,SYDB6602,,1,
SYDG1701,1701 DARK GRAY SHIRT,,3,
SYDG1720,1720 DARK GRAY,,7,
SYDGL78,L78 DARK GREEN SHIRT,,5,
SYDMW005,SYDMW005,,2,
SYGG1701,1701 GREEN SHIRT,,2,
SYGG1702,1702 GREEN SHIRT,,3,
SYGG1705,1705 GREEN SHIRT,,5,
SYGG1721,1720 GREEN SHIRT,,7,
SYGG3008,3008 GREEN SHIRT,,6,
SYGG3915,SYGG3915,,2,
SYGG6852,SYGG6852,,0,
SYGG8345,SYGG8345,,0,
SYGG9968,9968 GREEN SHIRT,,5,
SYGGA63,A63 GREEN SHIRT,,6,
SYGGL78,L78 GREEN SHIRT,,4,
SYLE0001,SYLE0001,,0,
SYM01001,SYM01001,,0,
SYPP110,110 PURPLE,,-19,
SYPP2095,SYPP2095,,3,
SYPP384,SYPP384,,4,
SYPP6852,SYPP6852,,0,
SYPPA63,A63PURPLE SHIRT,,6,
SYVBX026,SYVBX026,,2,
SYVX005,SYVX005,,-1,
SYVX008,SYVX008,,3,
TD000023,TD000023,,0,
TD000033,TD000033,,0,
TD000038,TD000038,,0,
TD000122,TD000122,,0,
TD000128,TD000128,,0,
TY000024,TY000024,,0,
VC0B045A,VC0B045A,,4,
VC0B061,VC0B061,,3,
VC0B062,VC0B062,,4,
VC0B068,VC0B068,,3,
VC0B070,VC0B070,,4,
VC0B071,VC0B071,,1,
VC0B074A,VC0B074A,,4,
VC0B075A,VC0B075A,,1,
VC0G062,VC0G062,,8,
VC0G064,VC0G064,,3,
VC0G068,VC0G068,,3,
VC0G071,VC0G071,,8,
VC0G076A,VC0G076A,,3,
VC0S064,VC0S064,,3,
VC0W070,VC0W070,,4,
VC0W072,VC0W072,,1,
VC0W073A,VC0W073A,,1,
VC0W076A,VC0W076A,,3,
VC0Y060,VC0Y060,,4,
VCBB045A,VCBB045A,,3,
VCBB049,049 BLACK VALENCE,,20,
VCBB054,054 BLACK VALENCE,,19,
VCBB061,VCBB061,,4,
VCBB062,VCBB062,,9,
VCBB069,VCBB069,,0,
VCBB071,VCBB071,,20,
VCBB074A,VCBB074A,,2,
VCBBS033,VCBBS033,,4,
VCBE075A,VCBE075A,,0,
VCBG060,VCBG060,,3,
VCBG063,VCBG063,,4,
VCBG067,VCBG067,,2,
VCBG073A,VCBG073A,,2,
VCBR049,049 BROWN VALENCE,,16,
VCBR054,054 BROWN VALENCE,,19,
VCBS063,VCBS063,,2,
VCBS067,VCBS067,,3,
VCBS073A,VCBS073A,,3,
VCBW054,054 BLACK WHITE VALENCE,,19,
VCBWG033,VCBWG033,,3,
