"លេខកូដ ផលិតផល","ឈ្មោះ ផលិតផល",variant,expected,counted
" 5451280","cashmere sweater college wind",,-9.0000,
000981,"velvet pant",,-12.0000,
0100DG," Denim Shorts",,-8.0000,
0109705,"Black Varsity Print Hoodie",,-5.0000,
012488,Jacket,,-10.0000,
01384867,"Lattice Hem High Waist Pant",,-6.0000,
01748,"Sport Leggin",,-7.0000,
0222701,"Detail Top With Mesh Dress",,-13.0000,
02263501,"Wide Stripes Curved Hem Dress",,-6.0000,
024784,"Army Zip Sweater",,-14.0000,
0304302," Choker Set",,-25.0000,
0309706,"Strap Scoop Neck Slub Tee",,-15.0000,
0317101,"Lace Up Detail Denim Jacket",,-13.0000,
0317702,"Palm Leaf Print Double V Neck Cami Dress",,-2.0000,
0320701,"Frill Trim Cuffed Sleeve Striped Bardot Top",,-11.0000,
0321002," Raw Hem Cuffed T-shirt",,-142.0000,
0322702,"Botanical Print Ruffle Hem Kimono",,-22.0000,
0323201,"Contrast Mesh Ripped Detail Jeans",,-8.0000,
0324204,"Florals Exaggerated Frill Blouse",,-13.0000,
0325301,"Color Block Crossover Bra",,-22.0000,
0329702,"Laser Cut Flounce Bardot Dress",,-6.0000,
0405108,"Crop Tee",,-23.0000,
0406104,"Knitted Crop Tank Top",,-27.0000,
0407106," Waist Striped Side Sports Shorts",,-5.0000,
0424202,"Contrast Mesh Ripped Detail Denim Shorts",,-6.0000,
04302,"Sexy Fishnet Tight",,-10.0000,
04705,"Long Sleeve Outerwear",,-22.0000,
0501004,"Contrast Crochet Cami Top",,-16.0000,
0509002,"Frayed Grey Denim Shorts",,-24.0000,
0511208,"Flower Embroidery Keyhole Back Tiered Dress",,-11.0000,
05720,"Embellished Pencil Dress",,-33.0000,
06491,"Bell Sleeve A Line Dress",,-9.0000,
068438,"Oversized Cutout Shirt",,-6.0000,
07002,"Drop Shoulder Contrast Striped Hoodie",,-24.0000,
0701022,"Blue Distressed Boyfriend Jeans",,-15.0000,
0708,"Korean white shirt summer",,-9.0000,
07106,"Waist Striped Side Shorts",,-3.0000,
0715302,"Black Faux Leather Skinny Belt",,-90.0000,
073241," Embroidered Tunic Blouse",,-8.0000,
0754512,"USA hoodie",,-2.0000,
0811701,"Binding Pocket Baseball Jacket",,-24.0000,
0812101,"Striped V Neck Crop Sweater",,-40.0000,
0816304," Leather Quilted Flap Chain Bag",,-4.0000,
0823001,"Blue Distressed Knees Ankle Jeans",,-10.0000,
0825579,"Adjustable Sleeve And Waist Boho Dress",,-8.0000,
0830578," Patch Long Sleeve Sweater",,-13.0000,
0905121,"Black Striped Side Sweat Pants",,-16.0000,
0913771,"Band Collar Zipper Front Jacket",,-12.0000,
0930005,"Fuzzy Sweater",,-32.0000,
10001,"SWAG F tanktop",,-44.0000,
10002,"SWAG F set",,-48.0000,
10003,"SWAG F jacket",,-49.0000,
10004,"SWAG F sweater",,-29.0000,
10005,"SWAG F jacket",,-79.0000,
10006,"SWAG F sweater",,-6.0000,
10007,"SWAG F dress",,-18.0000,
10008,"SWAG F dress",,-81.0000,
10009,"SWAG F set",,-7.0000,
10010,"SWAG F dress",,-21.0000,
100100,bag,,-42.0000,
100101,"women top",,-13.0000,
100102,skirt,,-14.0000,
100103,tshirt,,-44.0000,
100104,"women hoodie",,-121.0000,
100106,"black hoodie",,-208.0000,
1001067,"Blue Raw Hem Denim Skirt",,-3.0000,
100107,cropsweater,,-13.0000,
1001078," Hem Denim Skirt",,-4.0000,
10010784,"Hem Denim Skirt",,-5.0000,
100108,sweater,,-3.0000,
10011,"SWAG F skirt",,-5.0000,
100110,dollarhoodie,,-1.0000,
100111,"denim jacket",,-4.0000,
100112,"denim jacket bwx",,-7.0000,
100114,"malebomber jacket",,-1.0000,
100115,tee,,-161.0000,
100116,jean,,-38.0000,
100117,"short pant",,-4.0000,
100119,"bomber jacket",,-16.0000,
10012,"SWAG F skirt",,-9.0000,
100120,sweatpant,,-24.0000,
100121,"bomber velvet",,-31.0000,
100122,sweater,,-1.0000,
100124,sheerplaid,,-38.0000,
100126,heartshirt,,-13.0000,
100129,"women set",,-3.0000,
10013,"SWAG M sweater",,-29.0000,
100130,"floral middress",,-15.0000,
100131,"velvet dress",,-4.0000,
100133,"basic top",,-155.0000,
100134,"cross hand style top",,-6.0000,
100135,"off shoulder",,-2.0000,
100136,"huge tee",,-7.0000,
100139,"black GD jacket",,-34.0000,
10014,"SWAG F tee",,-79.0000,
100140,"sweater GD",,-79.0000,
100141,"pink slit sweater",,-1.0000,
100142,"buddismh bomber",,-1.0000,
100143,skirt,,-26.0000,
100144,"red jacket",,-3.0000,
100146,"basic work blouse",,-167.0000,
100147,"denim jean",,-23.0000,
100148,"dfloral skirt",,-8.0000,
100149,"highknee skirt",,-45.0000,
10015,"SWAG F tee",,-67.0000,
100150,"onepiece knit dress",,-34.0000,
100151,"pleated skirt",,-20.0000,
100152,twopiecetop,,-7.0000,
100153,tshirt,,-5.0000,
100154,tshirt,,-3.0000,
100155,skirt,,-19.0000,
100156,skirt,,-22.0000,
100157,skirt,,-27.0000,
100158,jumper,,-8.0000,
100159,sweater,,-5.0000,
10016,"SWAG m dress",,-19.0000,
100160,tshirt,,-11.0000,
100161,"sweater hoodie",,-68.0000,
100162,jacket,,-7.0000,
100163,"turtle neck",,-4.0000,
100164,sweater,,-33.0000,
100165,blouse,,-12.0000,
100166,"male tee",,-4.0000,
100167,jacket,,-2.0000,
100168,bra,,-97.0000,
100169,"strap hoodie",,-32.0000,
10017,"Velvet Hoodie",,-6.0000,
100170,"love urself sweater",,-44.0000,
100171,"mid sleeve kimono",,-57.0000,
100172,"long sleeve kimono",,-70.0000,
100173,"boho blouse",,-28.0000,
100174,"boho set",,-47.0000,
100175,"stripe jumper",,-9.0000,
100176,"stripe short",,-13.0000,
100177,"basic denim short",,-21.0000,
100178,"strap crop top",,-62.0000,
100179,"doll dress",,-8.0000,
10018,"Ring Skirt",,-2.0000,
100180,"tank top",,-63.0000,
100181,"tommy crop top",,-16.0000,
100182,"boho long jumpsuit",,-8.0000,
100183,"aztec tank top",,-21.0000,
100184,"off shoulder top",,-25.0000,
100185,"Adidas original tee",,-29.0000,
100186,"women skinny jean",,-12.0000,
100187,"vintage graphic tee",,-62.0000,
100188,"off shoulder aztec",,-15.0000,
100189,"boho romper",,-24.0000,
10019,"Moschino pant",,-10.0000,
100190,"star stripe tee",,-31.0000,
100191,"velvet polkadot dress",,-15.0000,
100192,"bomber jacket",,-22.0000,
100193,"bra set",,-14.0000,
100194,sunglasses,,-15.0000,
100195,"bra lace set",,-24.0000,
100196,"adidas velvet top",,-23.0000,
100197,hoodie,,-65.0000,
100198,hat,,-99.0000,
100199,"leather hat",,-4.0000,
100200,"crop hoodie",,-29.0000,
100201,tshirt,,-37.0000,
100202,sweater,,-8.0000,
100204,pant,,-21.0000,
100205,"long jumper",,-2.0000,
100206,"FLORAL sweater",,-3.0000,
100207,"basic sweater",,-3.0000,
100208,"army style jacket",,-6.0000,
100209,"eye jacket",,-7.0000,
10021,Lacedress,,-52.0000,
100210,"aztec skirt",,0.0000,
100211,"jacket floral leather",,-4.0000,
100212,"black basic bomber",,9.0000,
100213,"floral jacket jean",,-3.0000,
100214,"bra lace",,-27.0000,
100215,"basic pleat midi skirt",,9.0000,
100216,"original plaid jacket",,24.0000,
100217,"black basic bomber",,22.0000,
100218,"stripe knit top",,-19.0000,
100219,tshirt,,-5.0000,
10022,"Sleek Tee",,-24.0000,
100220,sweater,,33.0000,
100221,jean,,-13.0000,
100222,"denim skirt",,1.0000,
100223,"denim long jean",,-20.0000,
100224,"denim hole jacket",,8.0000,
100225,"heart crop top",,8.0000,
100226,"denim jean",,4.0000,
100227,"bomber jacket",,4.0000,
100228,"denim jean",,-10.0000,
100229,"pant grey",,-1.0000,
10023,"Women Jean",,-105.0000,
100230,"floral shirt",,-17.0000,
100231,short,,-26.0000,
100232,"bomber jacket",,-181.0000,
100233,"dark blue bomber",,-11.0000,
100234,"Nude bomber",,-1.0000,
100235,"army bomber",,-14.0000,
100236,"bomber jacket",,-72.0000,
100237,"dark bomber jacket",,-7.0000,
100238,"grey bomber jacket",,-6.0000,
100239,"nude bomber",,-7.0000,
100240,"denim jean",,5.0000,
100241,skirt,,-19.0000,
100242,skirt,,-2.0000,
100243,"side skirt",,-5.0000,
100244,"bk skirt",,-442.0000,
100245,"orange skirt",,-8.0000,
100246,"karo skirt",,-6.0000,
100247,"rinestone sweater",,-9.0000,
100248,"europe dress",,29.0000,
100249,"denim jacket",,3.0000,
10025,hoodie,,24.0000,
100250,"midi hm dress",,1.0000,
100251,dress,,6.0000,
100252,dress,,10.0000,
100253,JACKET,,47.0000,
100254,jacket,,44.0000,
100255,blouse,,15.0000,
100256,jumpsuit,,4.0000,
100257,"velvet skirt",,50.0000,
100258,hat,,68.0000,
100259,bikini,,99.0000,
100260,"denim jean",,952.0000,
100261,"red sweater",,92.0000,
100262,"floral blouse",,90.0000,
100263,"korean dress",,85.0000,
100264,"grey denim jean",,96.0000,
100265,"short skirt",,92.0000,
100266,"fish net pant",,-4.0000,
100267,"short jean",,76.0000,
10027,"SWAG F short",,-50.0000,
100278,"graphic tee",,-18.0000,
10028,"Women Crop Top",,-4.0000,
10029,"Women Jacket",,-33.0000,
100292,socks,,-18.0000,
10030,"Women Shirt",,-19.0000,
10031,"Black dress",,-1.0000,
10032,"White dress",,-22.0000,
10033,Romper,,-12.0000,
10034,"White lace dress",,-2.0000,
10035,"bomber jacket",,-21.0000,
10036,"Female SKirt",,-17.0000,
10037,"Women jean",,-14.0000,
10038,"Jacket BOmber",,-7.0000,
10039,"Adidas set",,-5.0000,
10040,"white top",,-20.0000,
10041,"monochrome shirt",,-5.0000,
10042,"women tee / tank",,-236.0000,
10043,"Dope Tee",,-4.0000,
10044,"Knit jacket",,-4.0000,
100447,"hoodie oversized",,-9.0000,
10045,"stripe tee",,-9.0000,
10046,"W & B shirt",,-19.0000,
100467,dress,,-2.0000,
10047,"florals kirt",,-201.0000,
100474,"short jean",,-2.0000,
100475,"simpson denim jean",,-15.0000,
100477,wallet,,-2.0000,
1004777,"unisex sweater",,98.0000,
10048,"lace shirt",,-7.0000,
100484,"army jacket",,-11.0000,
10049,skirt,,-5.0000,
10050,"rose tee",,-11.0000,
10051,"Denim jacket",,-6.0000,
10052,Tank,,-3.0000,
10053,"smile tee",,-107.0000,
10054,Jacket,,-5.0000,
100547,bikini,,80.0000,
10055,"Swag Tank top",,-36.0000,
100555,"white blouse",,-6.0000,
1005557,"comfy pant",,-12.0000,
10056,"crop top",,-2.0000,
10057,"cat crop top",,-2.0000,
1005797,"Pretty Floral Cold Shoulder Smock Mini Dress",,-9.0000,
10058,"white shirt",,-18.0000,
100588,plaidjacket,,-5.0000,
100589,"tote bag",,-3.0000,
10059,dress,,-10.0000,
10060,"velvet dress",,-1.0000,
10061,"long velvet skirt",,-1.0000,
10062,"short aztec skirt",,-61.0000,
10063,"bra / brallete",,-44.0000,
10064,"off shoulder top",,-37.0000,
100655,"bomber jacket",,-16.0000,
10066,"stripe tshirt",,-46.0000,
10067,"Belif shirt",,-45.0000,
10068,"Daisy jacket",,-3.0000,
10069,"grey sweater",,-10.0000,
10070,"stripe shirt",,-9.0000,
10071,"x cross shirt",,-16.0000,
10072,"bikini / swimwear",,-25.0000,
10073,"bikini / swimwear",,-8.0000,
10074,"velvet dress",,-6.0000,
10076,"Hero shirt",,-4.0000,
10077,"long knit tee",,-3.0000,
100777,blouse,,-6.0000,
10078,"red tank",,-23.0000,
100785,special,,-11.0000,
1007874,jean,,-11.0000,
100788,"graphic tee",,-35.0000,
1007882,"why so serious jacket",,-11.0000,
10080,"bra set",,-6.0000,
10081,"mafia crop top",,-13.0000,
10082,"plaid shirt",,-10.0000,
10083,"white tee",,-11.0000,
10084,"white tank top",,-13.0000,
100845,"stripe tshirt",,-13.0000,
10085,hoodie,,-6.0000,
100854,"graphic tee",,-21.0000,
10086,"two piece swag tee",,-6.0000,
10087,"plaid jacket",,-1.0000,
100874,"stripe tshirt",,-25.0000,
1008765,"girl graphic tee",,-13.0000,
100877,SHIRT,,-6.0000,
10088,"floral dress",,-21.0000,
100888,blouse,,-11.0000,
10089,"plaid jacket",,-11.0000,
100895,"denim jean",,95.0000,
10090,shirt,,-47.0000,
10091,skirt,,-4.0000,
10092,hoodie,,-87.0000,
10093,jacket,,-4.0000,
10094,"women clothes",,-1.0000,
10095,shirt,,-3.0000,
10097,clothes,,-105.0000,
10098,clothes,,-48.0000,
10099,bag,,-29.0000,
1012103,"Blue Ripped Raw Hem Denim Skorts",,-12.0000,
1015219,"Jersey Bomber Jacket with All Over Print",,-22.0000,
1018754,"Floral Print Lace Insert Skater Dress",,-8.0000,
1021004,"Check Plaid Drop Shoulder Shirt",,-17.0000,
1024597,"Carpi Pencil Skirt",,-10.0000,
1040368,"Puff Sleeve and Cold Shoulder",,-5.0000,
1045687,"New Highwaist Jean",,-7.0000,
104703,"Black Faux Leather Lace Trim Cami Jacket",,-13.0000,
117574,jean,,-4.0000,
11786589,"Grey Batwing Cocoon Maxi Dress",,-7.0000,
1202450,"Ripped Frayed Mini Denim Shorts",,-4.0000,
1212703," Ruffle Trim Zip Up Jersey Bomber Jacket",,-13.0000,
1227703," Laser Cutout A Line Skirt",,-18.0000,
1228710,"Navy Gingham V Back Crisscross Back Dress",,-8.0000,
123443321,Special,,9.0000,
123456,"Delivery Charge",,-140.0000,
1234687,jeanshort,,-6.0000,
123654,skirt,,-52.0000,
12367,skirt,,-10.0000,
1245874,"belt buckle",,-14.0000,
12526,dress,,-5.0000,
12546,tanktop,,-19.0000,
12564,SHIRT,,-24.0000,
125974,"Denim Mesh Skirt",,-4.0000,
13001,"Black Raw Hem Denim Skirt",,-13.0000,
1307e,"Metallic Shirt & Pant",,-4.0000,
132878,short,,-13.0000,
13487,"pink hoodie leather jcket",,-7.0000,
136779,jcket,,-16.0000,
1368464,អាវខ្លីមានមួក,,-23.0000,
13707,"Black Mesh Insert Sweat Set",,-10.0000,
137387,belt,,-6.0000,
1415,"knit strap tee",,-39.0000,
14457,"jacket hq",,-11.0000,
1446,skirt,,-9.0000,
14477887," Pleated Drop-Waist Mini Skirt",,-7.0000,
14562,"new shirt",,-20.0000,
145632,"short jean",,-9.0000,
1457,"stripe dress",,-14.0000,
145786," Denim Shorts",,-4.0000,
145788,"half cut shirt",,-7.0000,
14587,"floral dress",,-3.0000,
14587458,Brallete,,-23.0000,
1468,"foral dress short",,-22.0000,
146877,"uniqorn hoodie",,-14.0000,
14701,"Black Grid Box Pleated Skirt",,-4.0000,
14706,"Double V Neck Tank Top",,-14.0000,
147172,hoodie,,-16.0000,
147475,"basic pant",,-10.0000,
1477,"plaid off",,-12.0000,
1477624,"Crop top tie body",,-5.0000,
14788,plaidjacket,,-5.0000,
14865676,jacket,,-6.0000,
148764,អាវចងខ្សែរក,,-15.0000,
15387657,"flovy dress",,-26.0000,
15438,"Short Floral dress",,-12.0000,
1547,midiskirt,,-9.0000,
15475147,"Denim Short",,-11.0000,
154842,blouse,,-23.0000,
154884,"crop top",,-13.0000,
1558788,"Foral Romper",,-7.0000,
15863,tee,,-33.0000,
15965,"eye tee",,-22.0000,
161207701," Drawstring Waist Shorts",,-1.0000,
16387,hoodie,,-77.0000,
16387437,"bow fishnet stocking short version",,-7.0000,
16405," Stripe Trim Bodycon Dress",,-7.0000,
164401,"long-sleeved floral dress",,-9.0000,
164686,blouse,,-9.0000,
164687,totbag,,-8.0000,
1654387,"pink zip jacket",,-13.0000,
165738,reddress,,-8.0000,
16574687,"red dress",,-6.0000,
16586,"knit tank",,-17.0000,
166359w,"leather jacket",,-9.0000,
1666,"Pink Set",,-6.0000,
1683438,"Long Black Jean",,-10.0000,
16876,"basic tank top",,-112.0000,
170323101,"Bluer Back Denim Short",,-13.0000,
170405002," Frayed Hem Denim Shorts",,-6.0000,
170407202,"Front A Line Denim Skirt",,-6.0000,
170419201,"Contrast Mesh Raw Hem Denim Shorts",,-18.0000,
1767,"fishnet pearl stocking sock",,-23.0000,
17702,"V Neck Cami Dress",,-28.0000,
17704,"Belted Wrap Dress",,-8.0000,
186MEN,"MEN SHIRT",,-5.0000,
18903,"PU Crossbody Saddle Bag With Chain",,-5.0000,
18CE,"bomber jacket",,-19.0000,
19003,"Tartan Plaid Tie Front Set",,-6.0000,
1white," Cold Shoulder Tee",,-23.0000,
20001,"SWAG M top",,-23.0000,
20002,"SWAG M tee",,-46.0000,
20003,"SWAG M jacket",,-48.0000,
20004,"SWAG M jacket",,-12.0000,
20005,"SWAG M pant",,-3.0000,
20006,"SWAG M pant",,-63.0000,
20007,"SWAG M pant",,-7.0000,
20009,"SWAG M  tee",,-21.0000,
20010,"SWAG M shirt",,-29.0000,
20011,"SWAG M jacket",,-3.0000,
20012,"SWAG M jacket",,-10.0000,
20013,"SWAG M pant",,-5.0000,
20014,"SWAG M sweater",,-18.0000,
20015,"SWAG M sweater",,-10.0000,
20016,"SWAG M jean",,-12.0000,
20017,"SWAG M hoodie",,-43.0000,
20018,"SWAG M sweater",,-5.0000,
20019,"SWAG M jacket",,-6.0000,
20020,"SWAG M tee",,-17.0000,
20021,"SWAG M shirt",,-18.0000,
20022,"SWAG M pant",,-3.0000,
20023,"SWAG M pant",,-12.0000,
20024,"Men shirt",,-32.0000,
20025,"Men hoodie",,-8.0000,
20026,"Men tee",,-14.0000,
20027,"3 Stripe shirt",,-4.0000,
20028,"Camo M pant",,-9.0000,
20029,"M jean",,-5.0000,
20030,"White shirt M",,-7.0000,
20031,"Bomber white",,-2.0000,
20032,"Ombre Sweater male",,-7.0000,
20033,"Aztec Sweter",,-4.0000,
20034,"Jacket Male",,-10.0000,
20035,"Para Leg Pant",,-5.0000,
20036,"Male Jean",,-7.0000,
20037,"Male Hoodie",,-18.0000,
20038,"Stripe M shirt",,-3.0000,
20039,"Stripe Blue tee",,-1.0000,
20040,"Orange Sweater",,-4.0000,
20041,"polo men shirt",,-4.0000,
20042,jacket,,-4.0000,
20043,"male stripe polo shirt",,-2.0000,
20047,bikini,,85.0000,
205703,"Embellished Shirred Sleeve Bomber Jacket",,-13.0000,
2065687,"Sheer Maxi Dress",,-2.0000,
20704," Plaid Knot Front Long Blouse",,-14.0000,
213704,"Plunge Neck Crisscross Back High Slit Wrap Cami Dress",,-9.0000,
2144756,"heart tshirt",,-9.0000,
2145234,shirt,,-5.0000,
2146643,hoodie,,-13.0000,
215450,"Blue Bleach Wash Roll Hem Skinny Jeans",,-19.0000,
217451,"Black Buttoned And Lace Up Waist Ripped Skinny Jeans",,-20.0000,
21876,"the red stripe pant",,-9.0000,
221450,"Frayed Raw Hem Denim Shorts",,-20.0000,
224104,"Grey High Low Marled T-shirt",,-12.0000,
224703,"White Caged Neck Bodycon Dress",,-13.0000,
227708,"Off The Shoulder Embroidered Flower",,-12.0000,
22870," Off The Shoulder Tunic Top",,-3.0000,
23001,"Blue Drawstring Waist Tape Detail Cuffed Jeans",,-3.0000,
230710," Print Short Sleeve Slub T-shirt",,-31.0000,
23101," Denim Skirt",,-10.0000,
234534,dress,,-3.0000,
235231,"Mesh Jacket",,-1.0000,
23562,"graphic tee",,-3.0000,
2357324,"denim jean bleach wash",,-16.0000,
2456786,"Denim Short",,-8.0000,
245736,"denim black skirt",,-13.0000,
2458654,jean,,-16.0000,
247587,"Two Piece Mesh Dress",,-17.0000,
2478,tee,,-22.0000,
24785678,"t shirt female loose short-sleeved student backing shirt",,-350.0000,
2522,"short sleeve T shirt women",,-30.0000,
2525,Tee,,-56.0000,
25361,"long tshirt",,-16.0000,
254785,"basic bra",,-39.0000,
254808,"3 piece dress",,87.0000,
2554648,romper,,-5.0000,
25643,"Long Denim Jean",,-5.0000,
256769,"Small Mini Bag",,-7.0000,
2574675,"Black Vintage Tee",,-10.0000,
258417,"Denim Jean",,-12.0000,
25885487,blouse,,-9.0000,
25896,"rose tee",,-20.0000,
264578,"Vintage Wish Tee",,-7.0000,
26702,"Black Zip Up Hooded Fishnet Jacket",,-10.0000,
27302," Buckled Skinny Wrap Belt",,-48.0000,
27567998,"big leather denim jacket",,-17.0000,
275687,"Roll Hem Distressed Jeans",,-11.0000,
275689,"Plaid Flannel Shirt",,-3.0000,
28301,"Fishnet Sheer Mesh Gym Jacket",,-13.0000,
2846,dress,,-6.0000,
299474,"white and black dress",,96.0000,
301077,"Pinstriped Bear Patch T-Shirt",,-29.0000,
306014,"Letter Print Tee",,-251.0000,
308706," Flower Print Off The Shoulder Maxi Dress",,-29.0000,
309107,"Grey Letter Print Drop Shoulder T-shirt",,-26.0000,
315847,"chic tanktop",,-18.0000,
322052,"Bell Sleeve Off The Shoulder Romper",,-8.0000,
327701," Choker Bell Sleeve Romper",,-2.0000,
32958," Tied Off set",,-13.0000,
347646,chictee,,-16.0000,
351414058,skirt,,-11.0000,
353235,tanktop,,-30.0000,
35468463,short,,-77.0000,
3547687,"short jean",,-25.0000,
35486,Sweater,,-16.0000,
3578,"checked dress",,-6.0000,
3701,"Graphic Print Tee",,-62.0000,
3867,"metallic short skirt",,-7.0000,
404113,"Graphic Print Tee",,-8.0000,
404306,"Metal Eyelet Faux Leather Buckle Belt",,-23.0000,
404703,"Crop Halter Top",,-98.0000,
406102,"Sheer Mesh Slip Dress",,-15.0000,
407101,"Side Stripe Tube Drawstring Skirt",,-44.0000,
412106,"Boat Neckline Floral Print Dip Hem Top",,-13.0000,
413002," Pinstripe Frill Trim Top",,-19.0000,
415263,"long jean",,-18.0000,
41549,"plaid shirt",,-17.0000,
415643,CHOKER,,-28.0000,
417587412,"Long Denim Jean",,-12.0000,
41768,"short-sleeved T-shirt",,-7.0000,
41878968,"black plain graphic set",,-6.0000,
420005,"Print Cold Shoulder Top",,-19.0000,
421003,"Cut Out Neck Tee",,-20.0000,
422007," Embroidered T-Shirt",,-26.0000,
42374678," long sleeves strapless dolls students shirt",,-21.0000,
42574687,"Short Jean",,-46.0000,
426001,"Rolled Hem Denim Shorts",,-9.0000,
4368786,dress,,-8.0000,
437367,"Basic Swag Hoodie",,-23.0000,
43854763,អាវយឹតដៃវែង,,-23.0000,
4437,"sheer dress",,-6.0000,
4468354,blouse,,-12.0000,
4475,"new shirt",,-5.0000,
447811,"Stripe blouse",,-19.0000,
45621,"Swag Shirt",,-27.0000,
456213,Tee,,-22.0000,
45657,offshoulder,,-15.0000,
45678,"Cheongsam Buckle Trim Shift Dress",,-4.0000,
456987,SHIRT,,-21.0000,
457562457,"Floral Cutout Short Black / White",,-12.0000,
4578674,"Women Fashion Set",,-5.0000,
457877," High Waist Pant",,-11.0000,
466717,"Short Denim Jean",,-13.0000,
46834,"black off shoulder crop",,-3.0000,
46873,"Long Denim jean",,-11.0000,
4697444,"Plaid Jacket",,-32.0000,
47275,"Short Jean Rose Highwaist",,-3.0000,
4777y,dress,,-12.0000,
47852148,"Short Denim Jean",,-8.0000,
4785747,"Denim Jean Black",,-14.0000,
47857470,"Velvet Dress",,-1.0000,
478577,"New riffle dress",,-17.0000,
478925,"denim jean",,-31.0000,
47967,"basic graphic tee",,-26.0000,
48854,"two piece top",,-13.0000,
48965,"pink tee",,-11.0000,
489sd,belt,,-14.0000,
4984689647,"Contrast Color Skirt",,-2.0000,
501101,"Neckline Tassel Trim Gingham Print Set",,-29.0000,
502101,"Short Sleeve Top With Tank Mesh",,-17.0000,
502301,"neckline Slogan Print Tee",,-28.0000,
503106,"Floral Print Bell Sleeve Slit Side Dress",,-9.0000,
51209053,"Straight Boyfriend Jeans",,-6.0000,
523797,"circle leather belt",,-73.0000,
534543687,"beach dress",,-31.0000,
534787,"bluff sleeve blosue",,-19.0000,
534864,offshoulder,,-15.0000,
53746,"Women Kimono Sheer Pink",,-6.0000,
5417027691711388,"basic sweater",,2.0000,
5417027694010816,"fishnet pant",,38.0000,
541781,"floral off shoulder",,-3.0000,
54545,hodie,,-8.0000,
54563,"SWAG F skirt",,-19.0000,
546002,"tank dress",,4.0000,
5463011181110526,"bra / brallete",,74.0000,
5463767,"Plaid Ruffle Skirt",,-17.0000,
5472146,"pink heat sweater",,-12.0000,
5478,"stripe off shoulder",,-11.0000,
548147,Blouse,,-3.0000,
5486687,romper,,-12.0000,
548796,longjean,,-21.0000,
552300,blouse,,92.0000,
56343677,"Off shoulder cutoff tee",,-24.0000,
564468,shirt,,-28.0000,
56487,"hoodie gucci",,-24.0000,
56589,"VIntage cutout tee",,-14.0000,
56798,short,,-44.0000,
573647,whitehoodie,,-37.0000,
57460463,skirt,,-5.0000,
5746046ty,skirt,,-19.0000,
5757,dress,,-6.0000,
57687,"off shoulder sweater",,-17.0000,
57847,"Print Crop Top",,-13.0000,
578687563,"long denim jean",,-23.0000,
5786987,"Raglan Sleeve Embroidery Hoodie",,-13.0000,
5787,"two piece mesh sweater black and white",,-13.0000,
5788,basicdress,,-11.0000,
57887,អាវមានមួក,,-5.0000,
5843w5,"T shirt shirt students female",,-37.0000,
58585,"stripe jumper",,-5.0000,
589741,"Long Distress Denim Jean",,-14.0000,
589gt,"Black mix red tshirt",,-12.0000,
601102,"Black White Striped Curved Hem T-shirt Dress",,-9.0000,
61012706,"Contrast Trim Drop Shoulder Tee Dress",,-19.0000,
62437967,niketshirt,,-49.0000,
628584,skirt,,-9.0000,
634698,whromper,,-31.0000,
6347465,hearthoodie,,-31.0000,
63636,jaket,,-4.0000,
637697,"romper stripe",,-11.0000,
63933,tanktop,,-25.0000,
64873,shirt,,-7.0000,
64873452,"Denim Contrast Skirt",,-13.0000,
648786,JACKET,,-1.0000,
65236,"cat shirt",,-14.0000,
65656,"crop top",,-30.0000,
657366,longdress,,-14.0000,
65767,"star knit stocking fishnet",,-4.0000,
671,tanktop,,-21.0000,
67637,"swag stripe blouse",,-9.0000,
67687,"bow sweater",,-8.0000,
6876,dress,,-5.0000,
68775,jacket,,-9.0000,
692210,"sheer top",,93.0000,
6922101,dress,,-4.0000,
70217452,"Crop Skinny Jeans",,-2.0000,
70301001," Waist Rolled Hem Denim Shorts",,-10.0000,
7030770,"Print Double Cutout Choker Neck Dress",,-5.0000,
70310452,70310452,,-19.0000,
70320206," Shoulder Criss Cross Back Shirt Dress",,-6.0000,
70327701,"Flower Print Cold Shoulder Surplice Wrap Dress",,-6.0000,
70330004,"Rose Embroidered Short",,-8.0000,
70405104,"Graphic Print Contrast Ringer Tee",,-22.0000,
70406101,"Flower Patches Frayed Hem Denim Skirt",,-12.0000,
7040700,"Distressed Raw Hem Denim Overall Romper",,-27.0000,
70413001,"Floral Print Bardot Romper",,-3.0000,
724123,"white knit blosue",,-20.0000,
73412,"stripe blouse",,-8.0000,
74123,SHIRT,,-18.0000,
7444,dress,,-4.0000,
7458745,Dress,,-3.0000,
74676,dress,,-2.0000,
7485478,"White Short Jean",,-6.0000,
748575,"Embroidered Dress",,-10.0000,
748895,"overs hooded sweater men and women installed",,-17.0000,
752144624,"Grey Denim Jean",,-13.0000,
75787578,"hoodie FOG",,-121.0000,
7578i,"white blouse",,-9.0000,
7587415,"flroal blouse",,-6.0000,
75874448,"vatwing shirt dress",,-26.0000,
770147,"Metallic Contrast Tee",,-19.0000,
774158741,"cross contrast dress",,-5.0000,
7751478,"accesories jean circle metal cliff",,-11.0000,
7756,"Jeans women  elastic wash",,-23.0000,
78148,"New Set",,-17.0000,
78235,"cotton graphic tee",,-15.0000,
78278,"Plunging Corset Bodycon Dress",,-14.0000,
7857,"cute dress",,-22.0000,
7857479," Variegated Cami Dress",,-5.0000,
7857888,"Floral Print Pleated Skirt",,-3.0000,
78785247,"checked off shoulder peasant top",,-15.0000,
78945,"sport bra",,-17.0000,
789456,"eye tee",,-19.0000,
78974,"short beach dress",,-42.0000,
789947," Floral Mesh Bodysuit",,-7.0000,
83624,"graphic tank top",,-7.0000,
83black,"Floral Patch Frill Romper BLACK",,-12.0000,
841758,"VINTAGE TEE",,-77.0000,
84474514,"Rose Embroidered Ripped T-shirt",,-32.0000,
84623,"blouse cottonon",,-2.0000,
852145,"contrast tee",,-18.0000,
852247,"metallic baseball tee",,-13.0000,
85236,tanktop,,-30.0000,
8524892,ឈុតខោអាវក្នុងកាក់,,-2.0000,
852963,skirt,,-2.0000,
85674,"rose bra",,-1.0000,
87154,JEAN,,-3.0000,
8715478,TSHIRT,,-32.0000,
872352,"off shoulder tee",,-5.0000,
872523,"grey set",,-11.0000,
873451,"jacket blac",,-10.0000,
874895,"High-Waisted Denim Shorts",,-22.0000,
8758,"stripe blouse",,-9.0000,
875845,"Basic Sportwear tee",,-33.0000,
8788,"basic pant",,-7.0000,
8937255,tshirt,,-8.0000,
8965952,"new tank top",,-19.0000,
907703,"Black Letter Print Hoodie With Pocket",,-18.0000,
914502,"Dropped Shoulder Drawstring Hoodie",,-24.0000,
915600,"Oversized Bomber Jacket with Logo Print",,-42.0000,
927701,"Black Quilted Padded Zip Up Bomber Jacket",,-9.0000,
949tfu57,អាវយឹតមានឆ្នូត,,-32.0000,
95241,"off shoulder stripe dress",,-8.0000,
9547852,អាវដៃវែងសាច់សំលី,,-35.0000,
96345,"mettalic oversized tee",,-12.0000,
96969," crop top",,-7.0000,
9705,"Black Varsity Print Hoodie",,-4.0000,
979676,short,,-32.0000,
981950,"Cropped Hoodie In",,-7.0000,
984123,អាវធ្លាក់ស្មា,,-19.0000,
984467,"floral two piece set",,-1.0000,
9865512,"ZZ plaid jacket",,-11.0000,
98765,"black aztec dress",,-4.0000,
98989,shirt,,-9.0000,
belt,100198,,-22.0000,
"blac jean","black jean",,-5.0000,
C3011,"checked dress",,91.0000,
case,phonecase,,-35.0000,
denimskirt,denimskirt,,-28.0000,
hearthood,hearthoodie,,-16.0000,
hert45,"Denim Jean",,-10.0000,
jacket11,JACKET,,-10.0000,
jacket8,54566,,-6.0000,
jeantfge,jean,,-45.0000,
mauve,"Ruched Peakaboo Halter Dress",,-6.0000,
offshoulder,offshoulder,,-11.0000,
OFFSHOULDER11,OFFSHOULDER,,-6.0000,
r743r,"Sleeved Piped Lapel Satin Romper",,-5.0000,
short5423,"denim short jean",,-1.0000,
SIHRTMEN,SHIRT,,-7.0000,
skirt170217450,"Zip Down A Line Denim Skirt",,-2.0000,
tankdress,dress,,-23.0000,
tanktop11,"tank top",,-11.0000,
ts-st100,"Trainer Joggers NAVY",,-18.0000,
TSHIRT11,TSHIRT,,-98.0000,
velvetpatn,pant,,-16.0000,
whiteskirt,"white skirt",,-5.0000,
whitetee,"white tee",,-8.0000,
